{"loss": 1.1111111111111112, "accuracy": 0.95, "epoch": 9, "_timestamp": 1685030160.097261, "_runtime": 1.528594970703125, "_step": 8, "_wandb": {"runtime": 1}}