{"loss": 1.1111111111111112, "accuracy": 0.95, "epoch": 9, "_timestamp": 1685031807.55128, "_runtime": 1.7983710765838623, "_step": 8, "_wandb": {"runtime": 1}}