{"loss": 1.1111111111111112, "accuracy": 0.95, "epoch": 9, "_timestamp": 1685029843.106205, "_runtime": 1.6394529342651367, "_step": 8, "_wandb": {"runtime": 1}}