{"loss": 1.1111111111111112, "accuracy": 0.95, "epoch": 9, "_timestamp": 1685029531.004988, "_runtime": 1.638434886932373, "_step": 8, "_wandb": {"runtime": 1}}