{"loss": 1.1111111111111112, "accuracy": 0.95, "epoch": 9, "_timestamp": 1685030403.230963, "_runtime": 1.4701380729675293, "_step": 8, "_wandb": {"runtime": 1}}