{"loss": 1.1111111111111112, "accuracy": 0.95, "epoch": 9, "_timestamp": 1685032975.96838, "_runtime": 1.603564977645874, "_step": 8, "_wandb": {"runtime": 1}}