{"loss": 1.1111111111111112, "accuracy": 0.95, "epoch": 9, "_timestamp": 1685030128.831321, "_runtime": 1.6702818870544434, "_step": 8, "_wandb": {"runtime": 1}}