{"loss": 1.1111111111111112, "accuracy": 0.95, "epoch": 9, "_timestamp": 1685029506.064319, "_runtime": 1.8603098392486572, "_step": 8, "_wandb": {"runtime": 1}}