{"loss": 1.1111111111111112, "accuracy": 0.95, "epoch": 9, "_timestamp": 1685031595.13299, "_runtime": 1.7283787727355957, "_step": 8, "_wandb": {"runtime": 1}}