{"loss": 1.1111111111111112, "accuracy": 0.95, "epoch": 9, "_timestamp": 1685030572.033178, "_runtime": 1.5671021938323975, "_step": 8, "_wandb": {"runtime": 1}}