{"loss": 1.1111111111111112, "accuracy": 0.95, "epoch": 9, "_timestamp": 1685029635.733279, "_runtime": 1.5977630615234375, "_step": 8, "_wandb": {"runtime": 1}}